Model,R2,RMSE,MAE
Linear Regression,0.9155916716462361,87970.06765243491,69966.54742577794
Random Forest,0.6870481724468347,169387.3689376745,139295.7374555559
