{
  "n_sim": 5000,
  "orders_normal_mu": 1603.12,
  "orders_normal_sigma": 470.8119157370595,
  "aov_gamma_shape": 30.180034212804962,
  "aov_gamma_scale": 17.46411509915741,
  "mean_revenue": 843474.4651505997,
  "p05": 408153.00935873116,
  "p95": 1358349.7423957353,
  "prob_drop_below_1M": 0.731,
  "threshold": 1000000.0
}