year_month,actual_revenue,pred_lr,pred_rf
201107,719221.19,703253.1369325179,686512.9894666661
201108,759138.38,654621.9608285367,691709.5387999994
201109,1058590.17,917284.0971948106,887740.0799999975
201110,1154979.3,1144900.4232400155,1085463.790433332
201111,1509496.33,1537400.8439521417,1332098.5350333361
201112,638810.68,758836.0287984068,956684.6684666667
