{
  "seed": 1768646723,
  "n_sim": 50000,
  "orders_mu": 1603.12,
  "orders_sigma": 470.8119157370595,
  "aov_gamma_shape": 30.180034212804962,
  "aov_gamma_scale": 17.46411509915741,
  "mean_revenue": 844947.0385710517,
  "p05": 400541.29859466455,
  "p95": 1367996.0408560662,
  "prob_drop_below_1M": 0.72216,
  "threshold": 1000000.0
}